"","V1","V2","V3","V4","V5","V6","V7","V8","V9","V10","V11","V12","V13","V14","V15","V16","V17","V18","V19","V20","V21","V22","V23","V24","V25","V26","V27","V28","V29","V30","V31","V32","V33","V34","V35","V36","V37"
"1",200,700,1200,1700,2200,2700,3200,3700,4200,4700,5200,5700,6200,6700,7200,7700,8200,8700,9200,9700,10200,10700,11200,11700,12200,12700,13200,13700,14200,14700,15200,15700,16200,16700,17200,17700,18200
"2",186.223324192937,682.409552828872,1196.0467434636,1715.23820404395,2235.76186336091,2755.85246087285,3274.71589985632,3791.99554656614,4307.5490820143,4821.34474725703,5333.40924457929,5843.80006307239,6352.59017279696,6859.85932861717,7365.68905904835,7870.15977867443,8373.34915545181,8875.33123290567,9376.17601126864,9875.94930835925,10374.7127897205,10872.5240989845,11369.4370449387,11865.5018177482,12360.7652169288,12855.2708801809,13349.059506411,13842.1690690035,14334.6350171917,14826.4904645319,15317.766364225,15808.4916714996,16298.693493553,16788.3972277139,17277.6266885695,17766.4042248359,18254.7508267443
"3",173.063213374272,664.543795659108,1191.9555590888,1731.09497536265,2272.98818917959,2813.88215957489,3352.11978416399,3886.98441019813,4418.21371662009,4945.77468930784,5469.75183419899,5990.28871159925,6507.55624618406,7021.73517875166,7533.00628676547,8041.54500238957,8547.5185736961,9051.08471610606,9552.39114062444,10051.5755942219,10548.7661923689,11044.0819097424,11537.6331472226,12029.5223253319,12519.8444741767,13008.687802431,13496.1342357366,13982.2599198175,14467.1356866652,14950.8274840276,15433.3967695434,15914.9008714846,16395.3933183777,16874.924139883,17353.5401412987,17831.2851539682,18308.2002637409
"4",160.530706966098,646.418895579985,1187.72197003332,1747.59649072794,2311.73578507893,2874.15659920624,3432.26996141423,3985.00196999635,4531.99917058378,5073.26299555826,5608.97045047987,6139.3819728492,6664.79261262298,7185.50578036479,7701.81918458851,8214.01752905642,8722.3690235708,9227.12406126033,9728.51512022736,10226.7573414053,10722.0494602598,11214.5749020309,11704.5029287172,12191.9897732245,12677.1797247234,13160.206146642,13641.1924192412,14120.2528050053,14597.493238736,15073.012046273,15546.900596776,16019.2438939078,16490.1211112805,16959.6060773377,17427.7677145363,17894.6704373222,18360.3745130132
"5",148.632267635013,628.053047478297,1183.3413821812,1764.77004220135,2352.06295422557,2936.74315081001,3515.2220174798,4086.07842791195,4648.90382766165,5203.77518332708,5751.00022332164,6290.98910633105,6824.18814593924,7351.04535421281,7871.99284384252,8387.438364713,8897.76184728949,9403.31468669581,9904.42049814496,10401.3766234222,10894.4559775683,11383.9090024985,11869.9655975564,12352.8369575233,12832.7172841432,13309.7853579673,13784.2059692271,14256.1312130477,14725.7016577221,15193.0473962807,15658.2889919821,16121.5383281047,16582.8993718321,17042.4688612639,17500.3369237702,17956.5876330926,18411.2995118184
"6",137.369840032607,609.466548185536,1178.80908361904,1782.64407791811,2394.02943813534,3001.70878814617,3601.02841948741,4190.23842839157,4768.91894359072,5337.26906820822,5895.76888214771,6445.01292490576,6985.62664300873,7518.22462041161,8043.39047190853,8561.66816708006,9073.55941189386,9579.52419778228,10079.9829379391,10575.3193201208,11065.883397602,11551.9946601987,12033.9449520573,12512.0011737474,12986.4077461323,13457.3888355581,13925.1503515762,14389.8817340625,14851.757548779,15310.9389106503,15767.5747532048,16221.802961281,16673.7513825332,17123.538731676,17571.2753998584,18017.0641801354,18461.0009186969
"7",126.74099819937,590.681856930917,1174.12024439858,1801.24824311042,2437.69634569878,3069.11980155609,3689.73811264712,4297.50069558241,4892.0284401234,5473.6947643988,6043.19695656106,6601.35015603501,7148.98729147308,7686.91131761507,8215.87391483836,8736.56773415052,9249.62553770865,9755.62273965698,10255.0814889395,10748.4753057469,11236.2337539752,11718.7468896111,12196.3693663299,12669.424156663,13138.205888203,13602.9838151866,14064.0044553391,14521.4939250992,14975.6600061965,15426.6939746621,15874.7722206757,16320.0576847171,16762.701132583,17202.8422891021,17640.6108478984,18076.127372337,18509.5041008312
"8",116.739174552824,571.723638755255,1169.26991662089,1820.61342116654,2483.12606732693,3139.04149148261,3781.39611341171,4407.87769260854,5018.20874146038,5612.99473584735,6193.19802463314,6759.89183943429,7314.14515877909,7856.97072805001,8389.30417228254,8911.99847468936,9425.82590181714,9931.48332140444,10429.5988272232,10920.738609133,11405.4135468453,11884.085292574,12357.1717590522,12825.0520075388,13288.0705687965,13746.5412468049,14200.7504601935,14650.9601756094,15097.4104835556,15540.3218623393,15979.8971705789,16416.3234036956,16849.7732451926,17280.4064393891,17708.3710086353,18133.8043348693,18556.8341226435
"9",107.353960287566,552.618787265291,1164.25303488051,1840.77177449082,2530.38217313614,3211.53784253099,3876.04310265745,4521.37530737307,5147.42865596781,5755.10389840956,6345.67900643928,6920.52375701562,7480.97169773301,8028.26620378989,8563.54190090326,9087.82285790523,9602.02841496587,10106.9821111392,10603.4214675864,11092.0075469093,11573.3338054836,12047.9340605711,12516.2895468722,12978.8351101938,13435.9646170017,13888.0356680137,14335.3737025244,14778.2755736352,15217.0126660997,15651.8336196702,16082.9667124486,16510.6219511368,16934.9929083754,17356.2583415338,17774.5836223112,18190.1220022424,18603.0157355646
"10",98.5714645988564,533.396422887276,1159.06441711157,1861.75678489506,2579.52929412738,3286.67117929952,3973.71502285742,4637.99256920094,5279.64930553085,5899.94977252536,6500.54049989407,7083.12689070147,7649.33526373692,8200.65968985225,8738.44790278566,9263.90483994905,9778.10357068568,10281.9987017599,10776.4399470386,11262.1848307852,11739.910128527,12210.2219588412,12673.664583873,13130.7280371494,13581.8547160045,14027.4450743511,14467.862540817,14903.4377731986,15334.4723456259,15761.2419511556,16183.9991902493,16602.9760049164,17018.3858091417,17430.4253584449,17839.276394856,18245.1070980705,18648.0733689093
"11",90.3747185361509,514.087862638444,1153.69876588148,1883.60329321471,2630.63298537446,3364.50180556989,4074.4426834486,4757.72140041267,5414.82410430777,6047.45268526517,6657.67715544037,7247.57790347025,7819.10163892803,8374.01223996111,8913.88359572794,9440.11026528983,9953.92476577837,10456.4163474357,10948.5489805574,11431.1776500831,11905.0627033251,12370.8822937772,12829.2430885074,13280.6894471381,13725.711281323,14164.7507872382,14598.2082209866,15026.4468633246,15449.7972981609,15868.5611098076,16283.0140871692,16693.4090088258,17099.9780710144,17502.9350105375,17902.4769663252,18298.7861164676,18692.0311217963
"12",82.7441085550206,494.72655740468,1148.15067018203,1906.3475378025,2683.75957031784,3445.08762882023,4178.25137876705,4880.54640661139,5552.89878801845,6197.5260199491,6816.97808571428,7413.7496388563,7990.13455856678,8548.18452111808,9089.71146267605,9616.30724140752,10129.3685916594,10630.1221711532,11119.6475900244,11598.8977308057,12068.7163058272,12529.8528650775,12982.9755593606,13428.6819751625,13867.5083348158,14299.9373203554,14726.4047422108,15147.3052390768,15562.9971646454,15973.8067907037,16380.0319341352,16781.9450971224,17179.7961947829,17573.8149320615,17964.2128814868,18351.1853049909,18734.912756052
"13",75.6578249439053,475.347992824716,1142.41460777194,1930.02719150893,2738.97596536918,3528.48377240268,4285.16052303094,5006.44470907739,5693.81149424238,6350.07651093589,6978.32730595379,7581.51163407146,8162.29623520838,8723.03730346397,9265.79547796232,9792.3664856199,10304.315096364,10803.0073438851,11289.6392074156,11765.2613725985,12230.8002824792,12687.0759040823,13134.8166810513,13574.6721162298,14007.2233753804,14432.9922451532,14852.4487237723,15266.0174749398,15674.0833348162,16076.9960281699,16475.0742220443,16868.6090226113,17257.8670024041,17643.0928300642,18024.5115624657,18402.3306490557,18776.7416900414
"14",69.0923111662651,455.989550169371,1136.48494812957,1954.68139671296,2796.34948416813,3614.74217810257,4395.18330688389,5135.38582220216,5837.49289352904,6505.00458061992,7141.60420064393,7750.7306419387,8335.44787643813,8898.43193227858,9442.00150840253,9968.16164322149,10478.6480173134,10974.9672361505,11458.4317534444,11930.1894650266,12391.248515598,12842.4979996973,13284.7252215243,13718.6301038212,14144.8372471918,14563.9060561415,14976.3392733641,15382.5902008365,15783.0688344404,16178.1470966452,16568.1633176885,16953.4260881885,17334.2175839566,17710.7964458893,18083.400283353,18452.2478577445,18817.5409933702
"15",63.0227016372172,436.690324102028,1130.35595607969,1980.35079791661,2855.94762099878,3703.91120216099,4508.32637996358,5267.3315783658,5983.86637045203,6662.20471517641,7306.68401170043,7921.27115692525,8509.45019224353,9074.23077934973,9618.19768769525,10143.5695764514,10652.2549852003,11145.901542913,11625.9376929547,12093.6074846148,12549.9993736814,12996.0700132603,13432.6639219222,13860.5297840879,14280.3340062618,14692.6720365373,15098.0778572585,15497.0319810269,15889.9682160244,16277.2794152565,16659.3223833381,17036.4220817703,17408.875247555,17776.9535191122,18140.9061466893,18500.9623509381,18857.333382407
"16",57.4232373736167,417.490894943384,1124.02179616329,2007.07757136621,2917.83781306892,3796.0352081859,4624.5895638306,5402.23610207812,6132.8482530834,6821.56587516632,7473.43834338543,8092.99594072684,8684.16388842719,9250.29767133636,9794.25476294465,10318.4706241218,10825.0276995845,11315.7143829094,11792.0740684361,12255.4454741228,12706.9956480852,13147.7469836563,13578.5993801644,14000.3484866925,14413.7007860351,14819.2861247932,15217.668172691,15609.3531960992,15994.7974530954,16374.4134561167,16748.5752999368,17117.6232145265,17481.8674721243,17841.5917538144,18197.0560617371,18548.4992476977,18896.1412165736
"17",52.2676511347165,398.433054062068,1117.47653782525,2034.90545110856,2982.08718158252,3891.15416068987,4743.96559937761,5540.04583457681,6284.34808873998,6982.97193675916,7641.73567912194,8265.76654307835,8859.45014282526,9426.49829314549,9970.0464124883,10492.7488320267,10996.8620769908,11484.3143736257,11956.7625130849,12415.638005522,12862.1844774621,13297.4880239276,13722.501929288,14138.0668931513,14544.927662673,14943.7467824751,15335.1160227664,15719.565928226,16097.5738381238,16469.5706563394,16835.946593851,17197.0560623315,17553.2218629383,17904.7387871,18251.8767244539,18594.8833558303,18933.9864953562
"18",47.5295159329221,379.559482283783,1110.71416150089,2063.87975083522,3048.762251793,3989.30322326507,4866.43993254027,5680.69960941935,6438.26896327287,7146.30215906032,7811.44190542401,8439.44381374131,9035.17106147609,9602.7005647329,10145.4495345505,10666.2921545094,11167.6583724771,11651.6146832301,12119.9292448674,12574.1241281284,13015.5172613137,13445.2562105631,13864.3455115407,14273.6689034588,14674.0075206146,15066.0548639005,15450.4291941507,15827.6838498267,16198.3158841345,16562.7733337478,16921.4613671086,17274.7475103428,17622.9661098206,17966.4221597598,18305.3945990853,18640.1391625721,18970.8908559917
"19",43.1825529901397,360.913382749754,1103.7285656884,2094.04738081058,3117.92865251106,4090.51236562801,4991.99054175211,5824.12877893373,6594.50786064586,7311.43167284048,7982.42083828112,8613.88840193512,9211.1901122761,9778.77499011638,10320.344506556,10838.9926277969,11337.3212757823,11817.5330608437,12281.5050430562,12730.8473033187,13166.9495639529,13591.0184665875,14004.1075491441,14407.1415017157,14800.9359189473,15186.2134879054,15563.6173377727,15933.7221157497,16297.0432300337,16654.0446062462,17005.1452310527,17350.7247006122,17691.1279479113,18026.6692889878,18357.6359012964,18684.290826327,19006.875571785
"20",39.2008972268382,342.538071433547,1096.5135751016,2125.45685912274,3189.65079585453,4194.80598392946,5120.58781013123,5970.25739072069,6752.95605908918,7478.23198585877,8154.53474752204,8788.961239829,9387.37253405518,9954.59497775192,10494.6154152269,11010.7465159094,11505.7599832841,11981.9918465812,12441.4252087038,12885.7553272182,13316.4410101156,13734.7454395001,14141.7688125787,14538.474621414,14925.7109590592,15304.2279120543,15674.6918527244,16037.6972590568,16393.7765496573,16743.4083148047,17087.024243331,17425.0149826354,17757.7351208987,18085.5074430599,18408.6265827652,18727.3621693995,19041.9615510152
"21",35.5593201166311,324.476530491831,1089.06295000387,2158.15831643838,3263.99153836447,4302.20253881943,5252.19444486585,6119.00241274354,6913.4995597286,7646.57149994687,8327.64487492611,8964.52400708463,9563.58571939573,10130.0371317647,10668.1502578435,11181.4544301247,11672.8882470866,12144.917962819,12599.6295105072,13038.8002427035,13463.9551733991,13876.4113750476,14277.3132871727,14667.6610109717,15048.3331539977,15420.1054095716,15783.665773514,16139.6270904729,16488.5374645337,16830.888950003,17167.1248481373,17497.6458667404,17822.8153466184,18142.9637178841,18458.3923171597,18769.3766716646,19076.1693363924
"22",32.2334111728924,306.770931699547,1081.37039683231,2192.20349338763,3341.01182496822,4412.71421577768,5386.76544568758,6270.27400491299,7076.01954328295,7816.31603507336,8501.61194214091,9140.43957382831,9739.69956990124,10304.9815138431,10840.8411152793,11351.0214231181,11838.624402626,12306.2428881615,12756.0621174822,13189.9382420087,13609.4594586369,14015.9939877418,14410.7280387127,14794.6961000506,15168.8052999035,15533.8551492268,15890.5536607944,16239.5306015367,16581.3484603348,16916.5115820666,17245.4738196132,17568.6449802184,17886.3962849239,18199.0650153352,18506.9584874297,18810.3574651193,19109.5191050254
"23",29.1997204409156,289.462139295211,1073.42958022846,2227.6457296515,3420.77031764053,4526.34661215979,5524.2481236989,6423.9758344898,7240.39285019845,7987.32935573151,8676.29664479505,9316.57241982578,9915.58682298609,10479.3118758941,11012.5842976222,11519.3570590164,12002.891376232,12465.9026155724,12910.671519831,13339.1295611663,13752.9249792537,14153.4743289701,14542.0030787271,14919.5778671358,15287.1323498471,15645.4880783711,15995.3714956645,16337.4278714719,16672.2328069812,17000.301794323,17322.098208321,17638.0400260952,17948.5055077303,18253.8380232887,18554.3501743401,18850.3273292624,19142.0306688663
"24",26.4358651597241,272.589203505092,1065.23413660022,2264.53994377537,3503.32301099137,4643.09845526571,5664.58217116705,6580.00543209676,7406.49247944684,8159.47369518171,8851.56012955363,9492.78902802768,10091.1233496049,10652.9158638196,11183.2804633599,11686.3754606911,12165.616674103,12623.8375961151,13063.4104393369,13486.3383674472,13894.3264305734,14288.8366534731,14671.1312300359,15042.3067088,15403.3212903465,15755.0168092896,16098.1365776124,16433.3399777793,16761.2144823497,17082.2856199988,17397.0252906887,17705.8587444468,18009.1704711403,18307.3091972705,18600.5921461789,18889.3086872517,19173.7234755963
"25",23.9206042602267,256.188857674979,1056.77768934805,2302.94260268814,3588.72283738644,4762.96135550962,5807.69978222596,6738.25458466571,7574.18810115527,8332.6102733245,9027.26445124405,9668.95825103929,10266.1884226612,10825.6851930051,11352.8347132552,11851.9953356862,12326.7323541693,12779.9926697202,13214.2357305664,13631.5326409024,14033.6419599844,14422.0682849021,14798.1079930966,15162.8853110272,15517.3810208079,15862.4555089994,16198.8674261467,16527.2889105338,16848.3180995274,17162.4894822729,17470.2825213339,17772.1288761583,18068.4184895568,18359.5047436434,18645.7088495762,18927.3236027904,19204.6166099215
"26",21.6338846206016,240.295033157884,1048.0538658967,2342.91167987071,3677.01926457531,4885.9195984582,5953.52582375509,6898.60976125222,7743.34657825586,8506.59980427182,9203.27300757126,9844.95164944197,10440.6649561326,10997.5157963149,11521.1566601481,12016.1399822176,12486.174982305,12934.3169843548,13363.108274098,13774.6840510379,14170.8530347997,14553.1594811036,14922.9314136238,15281.3185229224,15629.3222360921,15967.8197925971,16297.5836861439,16619.2974903572,16933.5688375446,17240.9401374964,17541.8974881651,17836.8781290294,18126.2767116947,18410.4506042505,18689.7244013697,18964.3937776969,19234.7287952473
"27",19.5568630505566,224.938406736022,1039.0563166826,2384.50660108995,3768.25788915248,5011.94997911302,6101.97805504412,7060.95256733569,7913.83249243653,8681.30299001523,9379.45094933698,10020.6438012475,10614.4397152151,11168.3079455607,11688.1604760126,12178.7372767072,12643.8855743336,13086.763904919,13509.9928629348,13915.7678295844,14305.9443085794,14682.103299717,15045.6019519048,15397.6132330908,15739.1573123729,16071.1266202321,16394.3060369179,16709.3892900243,17016.9923755115,17317.6646214877,17611.8978701636,17900.1341461289,18182.7720984014,18460.1724424429,18732.6625814576,19000.5405501123,19264.0783957024
"28",17.6719078690495,210.145995271972,1029.77873625546,2427.78817659902,3862.48002950019,5141.02168134761,6252.96739422098,7225.16022299055,8085.50866983649,8856.58099694934,9555.66556446967,10195.9125820991,10787.4034980307,11337.9663475552,11853.7649176628,12339.7196443226,12799.8095252383,13237.2909131429,13654.8580831894,14054.7626402587,14438.9034866187,14808.8954646119,15166.1223541833,15511.778248929,15846.9001964257,16172.3941977582,16489.0561050025,16797.5885596506,17098.6148300796,17392.6901988077,17680.3113977447,17961.9244763034,18237.931402202,18508.6956304164,18774.5468265819,19035.7848933053,19292.6834184856
"29",15.9625837180262,195.940811406446,1020.21488666087,2472.81851870286,3959.72232214697,5273.09620487898,6406.39822882946,7391.10606016522,8258.23670215078,9032.29591238913,9731.78663455409,10370.6394161408,10959.4512896491,11506.4002159795,12017.8933325464,12499.024013984,12953.8965269458,13385.8594996913,13797.6761900621,14191.6504463397,14569.7211912406,14933.5342336374,15284.4975264387,15623.8241790315,15952.566298451,16271.6418810956,16581.8563806235,16883.920155398,17178.4626961411,17466.0443149167,17747.1658156019,18022.2765467458,18291.7811484842,18556.0452377887,18815.4002249857,19070.1474150337,19320.5615165077
"30",14.4136229557174,182.341592426589,1010.35862327886,2519.66094360171,4060.01632571428,5408.12734156746,6562.16876740543,7558.66003423872,8431.87745908124,9208.31117861153,9907.68676291643,10544.709497753,11130.4823893545,11673.5233203862,12180.4736460882,12656.5917592811,13106.100476004,13532.4350496255,13938.4229800655,14326.4163768196,14698.3908274728,15056.0202681007,15400.7344108408,15733.7633188831,16056.1723885145,16368.8900843151,16672.7301378233,16968.40947163,17256.5627906771,17537.754551117,17812.4888479331,18081.2176375326,18344.3476182423,18602.2460213498,18855.2455118929,19103.6483574242,19347.7299913059
"31",13.0108866290104,169.362611966792,1000.20392330063,2568.3798564583,4163.38813680465,5546.06120221057,6720.17142842662,7727.68924503783,8606.29158838656,9384.49200234709,10083.2416736678,10718.0119846072,11300.4005122389,11839.2540137266,12341.4383320559,12812.3686267064,13256.3793724172,13676.986722298,14077.077660377,14459.0485918224,14824.9084496274,15176.3565043449,15514.8418651225,15841.6095399743,16157.7364966599,16464.1601914393,16761.7013581885,17051.0823764382,17332.942199662,17607.8485821799,17876.3081659531,18138.7748580391,18395.6568323027,18647.3224159184,18894.1050657589,19136.307597334,19374.2057962056
"32",11.7413176610545,157.013581093279,989.744917032473,2619.04061868792,4269.85802230079,5686.83629433877,6880.2932626094,7898.058462585,8781.34000013233,9560.70573803972,10258.3304814324,10890.4401627088,11469.1138663293,12003.5152398373,12500.724367408,12966.3046525712,13404.69521084,13819.487326693,14213.6227161346,14589.538147919,14949.2726292479,15294.5480277461,15626.8305450738,15947.3781824477,16257.2778167272,16557.4744719411,16848.7946581238,17131.9651504579,17407.6282279278,17676.3541365598,17938.6513575965,18194.9751251454,18445.7345369531,18691.2985262455,18932.0009052451,19168.1446471614,19400.0055397087
"33",10.5928885272062,145.299641750463,978.975922220858,2671.70939654741,4379.4400725879,5830.38365084891,7042.41640420204,8069.63065300255,8956.88433211481,9736.82224357396,10432.8359317843,11061.8915842916,11636.5352065485,12166.2345223481,12658.2731730671,13118.3540699211,13551.0138652691,13959.9131931524,14348.043776424,14717.8788639103,15071.4843248368,15410.6019494106,15736.7127903251,16051.0859513579,16354.816613894,16648.8559999052,16934.035219603,17211.0844288854,17480.6483518915,17743.2989590953,17999.5458993151,18249.8451431479,18494.6061909033,18734.1981199015,18968.9546868701,19199.1786560702,19425.1454890875
"34",9.55454534387331,134.221451748214,967.891481597,2726.45299020171,4492.14188017615,5976.62700863948,7206.41854668224,8242.26750021518,9132.78739381976,9912.71420753599,10606.6446126845,11232.2681795884,11802.5818668881,12327.3439364824,12814.0305420243,13268.4752067068,13695.3049683014,14098.2440423602,14480.3294796388,14844.0671875867,15191.546753724,15524.527285807,15844.5025135569,16152.7508165999,16450.3741359346,16738.3285768075,17017.4487243252,17288.467146606,17552.0301750471,17808.7107760985,18059.0191298795,18303.4113852929,18542.2969535066,18776.0446210917,19004.9877032945,19229.4284115994,19449.6415741635
"35",8.61614997034433,123.775356709749,956.486403840564,2783.33864257655,4607.9642480815,6125.4830357557,7372.17343810828,8415.82991936087,9308.9135866727,10088.2574474208,10779.6471374528,11401.4763436369,11967.1757722191,12486.7800652121,12967.946556142,13416.6303764103,13837.5417859618,14234.4628523901,14610.4713388352,14968.1020639226,15309.4652663947,15636.3348415364,15950.2150932432,16252.3919165449,16543.972528181,16825.9166578556,17099.061291194,17364.1404863386,17621.8013861232,17872.6172627376,18117.0982260916,18355.7000768518,18588.8316741727,18816.8611053452,19040.1208821974,19258.9123416269,19473.5093912551
"36",7.76842142908353,113.953640944614,944.755808161618,2842.43382746479,4726.90093212071,6276.86160492588,7539.55139129734,8590.17855813234,9485.12929873118,10263.331178521,10951.7383000144,11569.4269993863,12130.2434311976,12644.4839412119,13119.9754929675,13562.7857622568,13977.7010890319,14368.5557245527,14738.4636076392,15089.9848051089,15425.2472235473,15746.0370954042,16053.8672700099,16350.0294653959,16635.6347521517,16911.6452818269,17178.8994170344,17438.1318296997,17689.9897198066,17935.0460126128,18173.8101803217,18406.7371796609,18634.2348829074,18856.6702950226,19074.374785704,19287.6485166609,19496.7642072737
"37",7.00287768805586,104.744846296541,932.695172695773,2903.80601654343,4848.93842098905,6430.66611078745,7708.41980400843,8765.17428261667,9661.30327235644,10437.8182535282,11122.8172033475,11736.035638456,12291.7159117368,12800.4009760233,13270.0757238178,13706.9112960777,14115.7630217434,14500.5117487163,14864.3031472097,15209.718962778,15538.9018761159,15853.6480899297,16155.4770466637,16445.6846642634,16725.3845078063,16995.5400043302,17256.9899204584,17510.4687110906,17756.6229199331,17996.0245094354,18229.181779783,18456.5483780483,18678.5307819153,18895.4945555943,19107.7696103281,19315.654652431,19519.4209639552
"38",6.31177862005399,96.1341458246255,920.300386899438,2967.52242517807,4974.05575762116,6586.79382757288,7878.6436843867,8940.67864457161,9837.30694377575,10611.6053731479,11292.7873622064,11901.2223409535,12451.5288005098,12954.4808777976,13418.2096043305,13848.9805328208,14251.7109686328,14630.3228687116,14987.9892947039,15327.3102027326,15650.4402484529,15959.183324396,16255.0635919284,16539.3796159429,16813.2461593703,17077.6268344135,17333.3598887862,17581.178774307,17821.7287050482,18055.5801007133,18283.2395874588,18505.1590660774,18721.7432382053,18933.3558926398,19140.3251873918,19342.9481127559,19541.4942822085
"39",5.68807075777855,88.1037578203698,907.567808119144,3033.64973714244,5102.22440489164,6745.13630356255,8050.08617707384,9116.55432746388,10013.0147538019,10784.5832682665,11461.5567813199,12064.9117757997,12609.6221479341,13106.6775589372,13564.3433586131,13988.9705216338,14385.531420285,14757.9837483704,15109.5237336423,15442.7661824432,15759.8750248324,16062.6596515216,16352.6471479011,16631.1372433639,16899.2446646665,17157.9321744322,17408.0366279259,17650.2897317741,17885.3347362392,18113.7399733552,18336.0099246027,18552.5943360348,18763.8957771398,18970.275949523,19172.0609838883,19369.5459126632,19562.9984665687
"40",5.12533429758274,80.6333851760728,894.49432249006,3102.2538086603,5233.40815819955,6905.57978822193,8222.60908559912,9292.66556898919,10188.3044293099,10956.6468544179,11629.0380103658,12227.033183029,12765.940400055,13256.9490348994,13708.4469580537,14126.8616743808,14517.2138386325,14883.4916386917,15228.91036652,15556.0964315417,15867.2204394058,16164.095177806,16448.2489412288,16720.9812116652,16983.4055078819,17236.48276309,17481.0476151174,17717.8293263057,17947.4685871438,18170.5311311031,18387.5188547315,18598.8789680959,18805.0115768733,19006.276005699,19202.9961037574,19395.4647217384,19583.9475097412
"41",4.61773266670952,73.7006654592753,881.077410292907,3173.39935248499,5367.56310691055,7068.0056876292,8396.07338692853,9468.87855818845,10363.0572353783,11127.6953594797,11795.1481770919,12387.5203395329,12920.4323187087,13405.2573153637,13850.4939957898,14262.6376323797,14646.7505224113,15006.8462465758,15346.1551899658,15667.3122355022,15972.4921697095,16263.5091675845,16541.8910979861,16808.9358538445,17065.754635692,17313.3056215601,17552.4204544387,17783.8252952906,18008.1577160408,18225.980373707,18437.7921690342,18644.0374211031,18845.1134636256,19041.3769756113,19233.1492895402,19420.7208676838,19604.3550972224
"42",4.15996485558037,67.2816181067379,867.315215864206,3247.14960306366,5504.63764601318,7232.29104357074,8570.33973435659,9645.0618056625,10537.1581982845,11297.6324256773,11959.8090000112,12546.3115097054,13073.0508912953,13551.5682889006,13990.4615577601,14396.2851320864,14774.136473317,15128.0496055135,15461.2661727114,15776.4265226651,16075.7072338029,16360.921950804,16633.5965622222,16895.0260999176,17146.3183966583,17388.4280025914,17622.1828349783,17848.3053372074,18067.4294399309,18280.1142777589,18486.8553731252,18688.0938243929,18884.2239077397,19075.5994081387,19262.5389243854,19445.3303400663,19624.234611988
"43",3.74722062520768,61.3510767766283,853.206622110669,3323.56596418588,5644.57253869567,7398.30903153652,8745.26894526802,9821.08648576255,10710.4962997928,11466.3661870995,12122.9467821262,12703.3493824223,13223.7532314389,13695.851602211,14128.3300911973,14527.7938703849,14899.3692633487,15247.1059485706,15574.2531365892,15883.4537547291,16176.8838910852,16456.3548345177,16723.3890181347,16979.2774095169,17225.1234838121,17461.877342503,17690.3624915725,17911.2970803715,18125.3109105163,18332.959179102,18534.7336750674,18731.0719706134,18922.3650204743,19108.9634865557,19291.1830343793,19469.3087942357,19643.5991392348
"44",3.37513862713775,55.883096911181,838.751329622997,3402.70764088407,5787.30102987991,7565.92947278441,8920.72247066463,9996.82674999125,10882.9646433988,11633.8093240283,12284.4923871528,12858.5809957503,13372.5004717495,13838.0805349389,14264.0832713509,14657.1563700806,15022.4489037715,15364.0215839649,15685.1276407444,15988.4098208113,16276.0415468243,16549.8300180786,16811.2928158147,17061.7157078508,17302.1968803312,17533.6812159693,17756.9871680099,17972.8280538191,18181.829091992,18384.5411567392,18581.4519745991,18772.9953094734,18959.5585514865,19141.4890289684,19319.099291173,19492.6715553962,19662.4614711682
"45",3.03976741669892,50.8513307818098,823.949940315583,3484.63125772972,5932.74901007612,7735.01935565847,9096.56284373805,10172.1600111844,11054.4605933836,11799.8790954562,12444.3811997095,13011.9576507384,13519.2576498399,13978.2318709883,14397.7078671639,14784.3678461354,15143.3777160809,15478.8047734877,15793.9028692132,16091.3119351435,16373.2006604077,16641.370512,16897.3329005004,17142.3673249417,17377.5658082171,17603.867293496,17822.0845826045,18032.9256602349,18237.0107405624,18434.8860181613,18627.0348534975,18813.8869423679,18995.8258869573,19173.1954891938,19346.305014883,19515.4336228143,19680.8341118239
"46",2.73752929718108,46.2293645459623,808.804045434756,3569.39046604764,6080.83522825932,7905.44336143668,9272.65410516347,10346.9671983539,11224.8858876965,11964.4973512178,12602.5530709242,13163.4348155898,13663.9935886818,14116.2857672088,14529.1936065615,14909.426073127,15262.1602053035,15591.4656139853,15900.5935219873,16192.178538456,16468.3826573097,16731.0000604374,16981.5347452671,17221.2589380536,17451.2576798734,17672.4633014878,17885.6823960407,18091.6171508316,18290.8823855987,18484.0192860231,18671.5065670152,18853.7696178278,19031.1880483204,19204.1019580488,19372.8171772399,19537.6096741481,19698.729281916
"47",2.46518690062125,41.991013998067,793.316317677283,3657.03554294169,6231.47155183184,8077.06439014207,9448.86220318392,10521.1329823559,11394.1467258204,12127.5905251933,12758.9522508763,13312.9720214549,13806.6807723185,14252.2256202435,14658.5330419498,15032.3312543605,15378.8029359238,15702.0159220812,16005.2157096578,16291.0292030754,16561.6098447552,16818.7430672367,17063.9242870777,17298.417517218,17523.30005249,17739.4969848092,17947.8081813927,18148.9296020922,18343.470312358,18531.9661860946,18714.8910363287,18892.6657277432,19065.6656915521,19234.2271650181,19398.652404966,19559.214069883,19716.158923702
"48",2.21981238810881,38.1105776381762,777.490607040852,3747.61298538148,6384.56327113904,8249.74408196952,9625.05536694395,10694.545972802,11562.1538328817,12289.0896110529,12913.5273092577,13460.5327510244,13947.2952178808,14386.0379322711,14785.7214164618,15153.0858930102,15493.3144106848,15810.4691222832,16107.7868517069,16387.8845417444,16652.9053310438,16904.6245254858,17144.5278661071,17373.8702737641,17593.7205851318,17804.9960717406,18008.4893962278,18204.8898942871,18394.800546184,18578.7516364193,18757.2118419406,18930.5973043105,19099.279106985,19263.5894802731,19423.8269833577,19580.2608578597,19733.1347058582
"49",1.99875913720989,34.5630473403387,761.332039887229,3841.16510292896,6540.0094454593,8423.34333025117,9801.10445190838,10867.0988868562,11728.8225013507,12448.9301220095,13066.2310455855,13606.0843210338,14085.8163447855,14517.7121763033,14910.7565314321,15271.6946656229,15605.7049524753,15916.8401385942,16208.3255784916,16482.7661201562,16742.2929484908,16988.6699504962,17223.3721682557,17447.6446117563,17662.5469984351,17868.9882412299,18067.7533566967,18259.5246916823,18444.898838113,18624.4002376128,18798.4922179792,18967.5860176601,19132.0482196086,19292.2069170129,19448.3568600562,19600.7637778834,19749.6680283574
"50",1.7996357747575,31.3242782419519,744.847120534877,3937.72961297937,6697.70328690624,8597.72278219679,9976.88325656109,11038.6886907568,11894.07261174,12607.0520360289,13217.0203902444,13749.5977597238,14222.2268419266,14647.2406616432,15033.6386155282,15388.1642982689,15715.9865894758,16021.145289714,16306.8516369439,16575.6963731803,16829.797179925,17070.9053161367,17300.4841707576,17519.7680822415,17729.8070368101,17931.5010923471,18125.627213524,18312.8604243541,18493.7906518132,18668.9362642387,18838.7550473414,19003.6531741177,19163.9925898216,19320.097134102,19472.2576489857,19620.7362663998,19765.7700273418
"51",1.62028240860294,28.3711204885498,728.043834509525,4037.33924264007,6857.5325782687,8772.74332399231,10152.2688099173,11209.2167150659,12057.8286337472,12763.399727916,13365.856297579,13891.0476802322,14356.5125336028,14774.6184000449,15154.3701959165,15502.5034455855,15824.1729437085,16123.4021878973,16403.3857999938,16666.6985247438,16915.4430886823,17151.3569944355,17375.8910907912,17590.2683402062,17795.5284330531,17992.5621158433,18182.1379298094,18364.9232715326,18541.5011517848,18712.3836571988,18878.0228576281,19038.8197150591,19195.1314146045,19347.2774389798,19495.5446344428,19640.1914612289,19781.4515799865
"52",1.45874891092505,25.6815161719941,710.931752367416,4140.02134156551,7019.3801204787,8948.26654721153,10327.1416296956,11378.5887447906,12220.0196093072,12917.9218896587,13512.7036321902,14030.4121508234,14488.6622448598,14899.8429730625,15272.9559717918,15614.7225729225,15930.2791231013,16223.6296415082,16497.9497797032,16755.796511319,16999.2562520192,17230.0516983622,17449.6203369937,17659.1731041453,17859.73887527,18052.1986677249,18237.3122605527,18415.7391463945,18588.055192754,18754.766017082,18916.3178178227,19073.1062163187,19225.4835290796,19373.7647908186,19518.2327753204,19659.1422063448,19796.7233093456
"53",1.31327510747604,23.2345652261416,693.522132766376,4245.79751019814,7183.12420514457,9124.15519388304,10501.3859512838,11546.7150856283,12380.5791190258,13070.5714403605,13657.5310495229,14167.672562793,14618.667666864,15022.9144010197,15389.4026905587,15724.833841759,16034.3216171544,16321.8475612947,16590.5661440867,16843.0149089614,17081.2626978676,17307.0164276975,17521.6994637833,17726.510118144,17922.4659760141,18110.4379447494,18291.1767338213,18465.3336822316,18633.4773101937,18796.1065984123,18953.6617356654,19106.5328881125,19255.0674084299,19399.5758039086,19540.3367094509,19677.6010566919,19811.5955891778
"54",1.18227273099483,21.0105642345029,675.828023195057,4354.68324792445,7348.6391074157,9300.27357794947,10674.8899278877,11713.5106076754,12539.4452334506,13221.3054270391,13800.3108717669,14302.8134968176,14746.523222862,15143.8350139827,15503.7190269074,15832.8509985341,16136.3181962681,16418.0768703831,16681.25823758,16928.3788638306,17161.488844848,17382.2784178966,17592.1561283885,17792.3071163718,17983.7372435443,18167.306961755,18343.7576334772,18513.7322199214,18677.7917119092,18836.428304744,18990.0760556794,19139.1195754406,19283.9011701488,19424.7267512477,19561.8707580542,19695.580283029,19826.0785487449
"55",1.06430900236141,18.9910221047594,657.864356482692,4466.68762563802,7515.79559435832,9476.48798125022,10847.5458024828,11878.8947680031,12696.5604506157,13370.0849175087,13941.0189600198,14435.8225884551,14872.2259352269,15262.6093250702,15615.9154649927,15938.789267001,16236.2878147721,16512.3394179827,16770.0501051077,17011.9140261199,17239.96144545,17455.865091848,17661.0180504864,17856.5917898941,18043.5800551108,18222.8325307386,18395.080983385,18560.9597966312,18721.0222706265,18875.7536845523,19025.5818578052,19170.8857589349,19312.0025765929,19449.2335683182,19582.848930277,19713.0918767922,19840.1820775799
"56",0.958091709435917,17.158656420366,639.648040904116,4581.81298710184,7684.46144401461,9652.66702254659,11019.2500523867,12042.7916135414,12851.8716212553,13516.8748864978,14079.6345835937,14566.6903934353,14995.7752940331,15379.2439063905,15726.0041838877,16042.6652441874,16334.2505176748,16604.6578967706,16856.9664196894,17093.6464873159,17316.7075322893,17527.8040144323,17728.3129743506,17919.3917557024,18102.0216321758,18277.0412415955,18445.1725330266,18607.0411356869,18763.192517527,18914.1049278692,19060.1998566038,19201.8505561185,19339.3890378152,19473.1118570311,19603.28492781,19730.1475549686,19853.9158302196
"57",0.862455660554731,15.4973740314447,621.198041373469,4700.05468331794,7854.50197038619,9828.68199848241,11189.9035074375,12205.1297657387,13005.3298630425,13661.6440960893,14216.1402872808,14695.4102533214,15117.1731275542,15493.7472678541,15833.9989464514,16144.4968000225,16430.2273511338,16695.0557639181,16942.032413518,17173.6027207007,17391.7543673453,17598.1228497781,17794.06863341,17980.7345278702,18159.089017481,18329.9594444413,18494.0577444468,18652.0006375438,18804.3256366707,18951.5038636191,19093.9504009886,19232.0327230475,19366.0776146521,19496.3768898206,19623.1921495727,19746.7587649741,19867.289230899
"58",0.776350397053352,13.9922391320917,602.535448893522,4821.40084384453,8025.78054972197,10004.4071957299,11359.4114429077,12365.8423884664,13156.8904651527,13804.3649715018,14350.5217573223,14821.9781620628,15236.423475027,15606.1297390726,15939.9149917208,16244.302980668,16524.2402766311,16783.5571657074,17025.2738124346,17251.80952501,17465.1293940831,17666.8493211207,17858.3127171215,18040.6474907396,18214.8090538754,18381.6132334359,18541.7617804608,18695.8623717953,18844.4444602564,18987.9719576073,19126.8534744502,19261.450656304,19392.0850220441,19519.0436138724,19642.5836964529,19762.936689528,19880.311478203
"59",0.698829056729272,12.6294317192154,583.683535107361,4945.83218865008,8198.15914369181,10179.7201739048,11527.683648396,12524.8671406278,13306.5127843964,13945.0134731583,14482.7676867635,14946.3926339062,15353.532461983,15716.4033545175,16043.7689309105,16342.1039155683,16616.3120888267,16870.1868656771,17106.7167737185,17328.2939711516,17536.8601923609,17734.0111731593,17921.072840059,18099.1578740483,18269.2083648179,18432.0284320323,18588.3094940541,18738.6500701609,18883.5714646662,19023.5303111205,19158.9286957389,19290.1223953154,19417.4276325679,19541.1266554713,19661.4723760916,19778.6922515181,19892.9915496732
"60",0.629038287676021,11.3961989629894,564.667788500576,5073.32188366622,8371.49881528332,10354.5020191442,11694.6344740259,12682.1461149092,13454.1601341014,14083.5689659241,14612.8696408131,15068.6545730762,15468.5081784028,15824.5817420834,16145.5786470801,16437.9207282224,16706.4663370463,16954.9701762287,17186.3878271076,17403.0833518904,17606.9744360242,17799.6361368189,17982.3765131254,18156.2927299084,18322.3133364728,18481.2305795775,18633.7254189098,18780.3871203963,18921.7287672464,19058.1996600973,19190.1953199722,19318.0656249699,19442.1214801604,19562.6403244525,19679.8707077036,19794.0361188507,19905.338206366
"61",0.566209119286044,10.2808016589163,545.515928544179,5203.8354427037,8545.6602335607,10528.6375685228,11860.1828553498,12837.6257640736,13599.7996668596,14220.0140863249,14740.8219227664,15188.767145591,15581.3605599135,15930.6800151657,16245.3631985037,16531.7754506589,16794.7272503522,17037.9328936173,17264.3138189581,17476.2051344032,17675.4998530878,17863.7518963162,18042.2511167933,18212.0789115482,18374.1501013199,18529.2449191919,18678.0337609992,18821.0965610703,18958.9381237785,19092.0003748307,19220.6722401344,19345.2976785079,19466.1822640156,19583.5986187438,19697.7909269239,19808.9787092801,19917.3599973605
"62",0.509648704342398,9.27245758913615,526.257893874285,5337.33067783705,8720.50416376254,10702.0156057346,12024.2523183964,12991.2568161562,13743.4022521863,14354.3346084891,14866.6214409918,15306.7356535285,15692.1012722105,16034.7146683409,16343.142725761,16623.6909415854,16881.119666135,17119.1012362451,17340.5218594497,17547.686915603,17742.4641884057,17926.3860584349,18100.7238762833,18266.5430537336,18424.7445231994,18576.0963868608,18721.2583911765,18860.8010771565,18995.2209265946,19124.9524601647,19250.37798894,19371.8355406616,19489.6253526367,19604.0152289856,19715.2449906725,19823.530195212,19929.0652642131
"63",0.458732852933386,8.36128330435091,506.925800501478,5473.75769975573,8895.89193958054,10874.5290286946,12186.7709663262,13142.9941798668,13884.9423500691,14486.5193094947,14990.2675774288,15422.5674120184,15800.7435988539,16136.7034767085,16438.9383625489,16713.6908081689,16965.668962157,17198.5017861707,17415.0392727428,17617.5563801355,17807.8951687318,17987.5661239149,18157.8218385912,18319.7115547878,18474.1221837202,18621.8096016687,18763.4228387177,18899.5229963894,19030.5982032962,19157.0755561512,19279.3307410322,19397.6958510242,19512.4657880272,19623.9035432182,19732.2445820293,19837.7005084779,19940.4621453574
"64",0.412899285387865,7.53823555243642,487.553866061263,5613.05896893561,9071.68591484489,11046.0749899031,12347.6714491651,13292.7968414501,14024.3978813173,14616.5598347372,15111.7620579907,15536.271629193,15907.3023325576,16236.6653989347,16532.7721501961,16801.7993313944,17048.4009919692,17276.1614337445,17487.893549988,17685.841260948,17871.820470073,18047.3194608625,18213.571851277,18371.6105601265,18522.3083699572,18666.4088571149,18804.5502857493,18937.2842863369,19065.090616035,19188.3889391332,19307.5483154896,19422.8949076256,19534.7182900047,19643.2766516224,19748.8011151113,19851.4993450737,19951.5585804467
"65",0.371641537516857,6.79505332757856,468.178296290246,5755.16939781792,9247.74989223513,11216.5550105866,12506.8909180788,13440.6277541885,14161.7500955509,14744.4505638767,15231.1088252214,15647.8592892936,16011.7936700639,16334.6204840158,16624.6669558513,16888.0413949396,17129.3420236205,17352.1073252746,17559.1123050901,17752.5693023313,17934.2676872394,18105.6732800914,18268.0005429307,18422.2659472348,18569.3280633697,18709.918113448,18844.6635625122,18974.1065521443,19098.718461318,19218.9115232227,19335.0481786145,19447.4486706958,19556.3972606237,19662.1473513066,19764.925739947,19864.9361698615,19962.3623146382
"66",0.33450345714741,6.12420129472234,448.837130274667,5900.01650350927,9423.94952703075,11385.8750697612,12664.3709656253,13586.4537216699,14296.9834376031,14870.1884778614,15348.3139135045,15757.3430390954,16114.235110668,16430.5897817624,16714.646394303,16972.4424174938,17208.5186815718,17426.3668136296,17628.7232331281,17817.7682253374,17995.2643054959,18162.6546123036,18321.1343052334,18471.703312009,18615.2059298731,18752.3609909603,18883.7851434111,19010.0110349048,19131.5016702998,19248.6618621434,19361.8474469825,19471.3727665972,19577.516788692,19680.528151128,19780.6293473394,19878.0202212289,19972.8809028176
"67",0.301074236245552,5.51881515695499,429.570041600925,6047.52060984995,9600.15270430581,11553.9456694758,12820.0575533955,13730.2452758743,14430.0854130434,14993.7730274751,15463.3853270861,15864.7370777801,16214.6453584376,16524.5952569894,16802.7347533757,17055.0282884458,17285.9578917235,17498.9674116786,17696.7540713313,17881.4656954745,18054.8376742244,18218.2902870259,18372.9992765332,18519.9479563918,18659.9663110005,18793.760764186,18921.937143799,19045.0186106167,19163.4598095286,19277.6581514107,19387.962890726,19494.6824919089,19598.0906543697,19698.4312765399,19795.9225737139,19890.7605157043,19983.1217137623
"68",0.270983927852295,4.97264937594551,410.418093369355,6197.59509705445,9776.22988835097,11720.6818775802,12973.9009284016,13871.9765510625,14561.0464534653,15115.2060037997,15576.3329211317,15970.0570503615,16313.0442281498,16616.6597073833,16888.956922842,17135.8253068556,17361.6868294619,17569.9367484714,17763.2325625124,17943.6892925847,18113.0149825035,18272.6069132155,18423.6213268602,18567.0248772316,18703.6332160922,18834.1403569493,18959.1413174518,19079.149789686,19194.6120821106,19305.9182308201,19413.4109370345,19517.3928176456,19618.1323338378,19715.8686744573,19810.815805945,19903.1658525237,19993.0919342422
"69",0.243899401611204,4.48002752498937,391.423446131441,6350.14669652031,9952.05444346829,11886.0033494193,13125.8555295288,14011.6251543846,14689.8597821196,15234.4914109409,15687.1682859991,16073.3199447359,16409.45255495,16706.8066850035,16973.3383267784,17214.8601236246,17435.7328706302,17639.3025280575,17828.186420861,18004.4664828094,18169.8232365186,18325.6308614542,18473.0260443034,18612.958756299,18746.2303154532,18873.5223382107,18995.4190546877,19112.4247169382,19224.977329265,19333.4595872211,19438.2076738486,19539.5183935968,19637.6550040239,19732.8520181314,19825.3191861562,19915.2448181474,20002.7985730581
"70",0.219520695862956,4.03579544756808,372.629019182237,6505.07582784365,10127.5029256258,12049.8343299007,13275.8798853042,14149.1720340527,14816.5212804197,15351.6353413145,15795.9046348805,16174.5439924143,16503.8921077213,16795.0604213667,17055.9048592883,17292.1596867711,17508.123545324,17707.092490848,17891.6432999984,18063.8245925501,18225.2892387157,18377.3882476506,18521.238722681,18657.7739513957,18787.7809344235,18911.9289186613,19030.7913810882,19144.863172103,19254.5740322359,19360.299357551,19462.3688537309,19561.0735527711,19656.6715473773,19749.3927120277,19839.4426164896,19927.0057907251,20012.2484650155
"71",0.197577728139249,3.63527730860545,354.07810727117,6662.27697458127,10302.455344776,12212.1036373998,13423.9365041776,14284.6013458598,14941.0293557832,15466.6458537534,15902.5566949324,16273.7485729634,16596.3855061381,16881.4457560526,17136.6828235092,17367.7511897177,17578.8864944135,17773.3343774181,17953.6307631996,18121.7907843339,18279.4395686139,18427.9049181746,18568.2843504313,18701.4944884941,18828.3080483052,18949.3819480193,19065.278956783,19176.4845707376,19283.4203145376,19386.4543321062,19485.909897894,19582.072315932,19675.1945566809,19765.501896699,19853.1957638412,19938.4569445046,20021.4482748346
"72",0.177827329424463,3.27423455786551,335.813956649864,6821.63909487042,10476.7953979317,12372.7446309741,13569.9917584439,14417.9003187558,15063.384811229,15579.5328546534,16007.1406019874,16370.9541221699,16686.956141365,16965.9880687593,17215.6988738163,17441.6620224946,17648.049428694,17838.0558946551,18014.1762556888,18178.3920344962,18332.3005651965,18477.2064363485,18614.1876006598,18744.1440548487,18867.8342780948,18985.9029129826,19098.9020762571,19207.3079655573,19311.5339445021,19411.9409580295,19508.8459003706,19602.5283962127,19693.2363398917,19781.190453649,19866.5880645568,19949.6062541853,20030.4045009952
"73",0.160050570788667,2.9488277724677,317.879306393086,6983.04606266464,10650.410673357,12531.6951623446,13714.0157628667,14549.0591201314,15183.5907170922,15690.3079823413,16109.6737989137,16466.1820439211,16775.6281003511,17048.7132147338,17292.9799611305,17513.91972576,17715.6400905639,17901.2846841535,18073.3070789138,18233.6551125927,18383.8983108001,18525.3180702239,18658.9728222766,18785.7459930222,18906.3818869722,19021.5129357947,19131.6806686465,19237.3520481418,19338.9323381075,19436.7753429941,19531.1916323089,19622.4552037986,19710.8089250019,19796.4690101789,19879.6287290861,19960.4614992129,20039.1234795168
"74",0.144050353950126,2.65558130581758,300.315903017921,7146.3771350719,10823.1928264592,12688.8975140797,13855.9822489965,14678.0707213971,15301.6522851786,15798.9844948146,16210.1749376678,16559.4546257826,16862.4260936585,17129.6474634934,17368.5532812387,17584.5519475389,17781.6862181332,17963.0482927621,18131.0503667127,18287.6065624594,18434.2586164258,18572.264781575,18702.6640321637,18826.3232957713,18943.9727774968,19056.2327733842,19163.6342984854,19266.6351509888,19365.6325620614,19460.9732590642,19552.9615463782,19641.8658506646,19727.9240649118,19811.3479442132,19892.3267465922,19971.0302680142,20047.6113876722
"75",0.12964924001939,2.39135064116091,283.163998469271,7311.50744109273,10995.0377281758,12844.2983253823,13995.8684361081,14804.9307643875,15417.5767456323,15905.5771609733,16308.6637850641,16650.7949582379,16947.3753867597,17208.8174407517,17442.4462260265,17653.5864025824,17846.2155116631,18023.3741451901,18187.4330632818,18340.2726848373,18483.4070083986,18618.0712160413,18745.2849083114,18865.8986017407,18980.6284894675,19090.0828170373,19194.7821668742,19295.1752498878,19391.6513371175,19484.5501467145,19574.1697812718,19660.7731553591,19744.5932423071,19825.8373890988,19904.6908895122,19981.3199621719,20055.8742476372
"76",0.116687493129923,2.15329232753552,266.461843396172,7478.30848694982,11165.8455868186,12997.8485068354,14133.6548996095,14929.6374290617,15531.3732267544,16010.1021554349,16405.1611322666,16740.2268575443,17030.5017347244,17286.2500734577,17514.6863375294,17721.0508342461,17909.2556022419,18082.2895185792,18242.4819028605,18391.6795214843,18531.3687163032,18662.761694356,18786.8587838684,18904.4941919149,19016.3701984016,19123.0830925671,19225.1431130354,19322.9899665876,19417.0050416044,19507.5211189924,19594.8301662934,19679.1896478227,19760.8276745347,19839.9472383737,19916.7297180679,19991.3378005362,20063.9179300734
"77",0.105021317890788,1.93883636245361,250.245189158716,7646.64867317641,11335.5210444867,13149.5031454113,14269.3254377114,15052.1913029219,15643.052637968,16112.5769569988,16499.6887079919,16827.7747921499,17111.8313202182,17361.9725378541,17585.3012646996,17786.9729787912,17970.8340226,18139.8215189531,18296.2233910502,18441.8528406969,18578.1686621271,18706.360204598,18827.4086420504,18942.1319867816,19051.2187145929,19155.2532609452,19254.7356162284,19350.0965717326,19441.7097151466,19529.9009658061,19614.9562260152,19697.1275742343,19776.638318469,19853.6871505002,19928.4515847233,20001.0908232744,20071.7481576461
"78",0.0945212716231065,1.74566087777766,234.546813023164,7816.3938186827,11503.9732492744,13299.2214009887,14402.8669370763,15172.5952525196,15752.627556096,16213.0202508056,16592.2690953982,16913.4638126053,17191.390694725,17436.0122104586,17654.3187227932,17851.3805320093,18030.9781799725,18195.9970594551,18348.6837876849,18490.8181241695,18623.8314505457,18748.8903954099,18866.9571118552,18978.8335441585,19085.1944827087,19186.612619361,19283.5777979958,19376.5119880462,19465.7810625584,19551.7041583248,19634.5611849955,19714.5989018751,19792.0358753644,19867.0665535599,19939.8646385873,20010.5858958563,20079.3705084769
"79",0.0850708341807384,1.57166898176145,219.39608138128,7987.40768714374,11671.1159045952,13446.9663955649,14534.2692381051,15290.8542973727,15860.1121150821,16311.4518342129,16682.9256526211,16997.3194848981,17269.2067229025,17508.3966218704,17721.7664552748,17914.3011180748,18089.7153309157,18250.8428402908,18399.8890911767,18538.6005551196,18668.3813602842,18790.3755701229,18905.5264645346,19014.6200576435,19118.3175818888,19217.1801026779,19311.6874247128,19402.2527937379,19489.2344578938,19572.944853476,19653.6579725462,19731.6153240032,19807.0307956878,19880.0946499061,19950.9768297593,20019.8297129758,20086.7904195312
"80",0.0765651198227674,1.41496761011766,204.81856545914,8159.55251123986,11836.8672970095,13592.7050962777,14663.5250004551,15406.9754865724,15965.521899259,16407.8925263934,16771.6824369071,17079.3678271316,17345.3065299787,17579.1534133025,17787.6721981445,17975.7622605297,18147.07255799,18304.38533029,18449.8650242593,18585.2250076092,18711.8423364967,18830.8386817369,18943.1386107757,19049.5123556444,19150.6077263121,19246.974285256,19339.0819104171,19427.3352261137,19512.0849486351,19593.6368985272,19672.2592275396,19748.1882647316,19821.6332839258,19892.7804207716,19961.7959136169,20028.8288024069,20094.0131899409
"81",0.0689097171158347,1.27384824142328,190.835722800175,8332.68951052584,12001.1503039906,13736.4081932912,14790.6295693248,15520.967778321,16068.8738402414,16502.3640816439,16858.564132286,17159.6352494617,17419.7174520926,17648.3102957421,17852.0636465867,18035.7913553074,18203.0767482202,18356.6507500106,18498.6370210567,18630.716036999,18754.2379841018,18870.3023287025,18979.815098546,19083.5309009506,19182.0842661949,19276.013383113,19365.7783198938,19451.7751853718,19534.3472600051,19613.7938357403,19690.3773032451,19764.3288839013,19835.8533033629,19905.1326308273,19972.3294550432,20037.5895287957,20101.0439842626
"82",0.062019644211821,1.14676933651236,177.464655819873,8506.67939899665,12163.8923830912,13878.0499735247,14915.5808429861,15632.8419225991,16170.1861174963,16594.8891063789,16943.595980712,17238.1484972051,17492.4669894816,17715.8950116379,17914.9684238461,18094.4156457046,18257.7545732493,18407.6650563035,18546.2302154067,18675.0978714697,18795.5915620207,18908.7887514555,19015.5771115593,19116.6957908077,19212.7661891916,19304.315256396,19391.7933719927,19475.5882385628,19556.0357993878,19633.4289070858,19708.0242721872,19780.0480819465,19849.7005808253,19917.1598326916,19982.5848325935,20046.1180973859,20107.8878356718
"83",0.0558184080836934,1.03234036718999,164.717956009746,8681.38287874856,12325.02554398,14017.6081911383,15038.3791419874,15742.6103471325,16269.4780626229,16685.4909797705,17026.8037166014,17314.9345970255,17563.5827624179,17781.9352990177,17976.4140522348,18151.6621992107,18311.1324711023,18457.4539282655,18592.6694303708,18718.3944045509,18835.9259782618,18946.3198296566,19050.4454683207,19149.0267574617,19242.6721221652,19331.8974121399,19417.1434431589,19498.7896236992,19577.1646608437,19652.5550590083,19725.2119310173,19795.356504742,19863.1846113876,19928.8703713853,19992.5692425995,20054.4205576796,20114.5496490942
"84",0.0502371574212345,0.9293073061965,152.603639061436,8856.66111649402,12484.4863048133,14155.0639356194,15159.0270804061,15850.2870467902,16366.7700673549,16774.1937779838,17108.2135046836,17390.0208061025,17633.0924697932,17846.4588579371,18036.4279261776,18207.5578861091,18363.2366294805,18506.0427545053,18637.9791688648,18760.6291885991,18875.2637858012,18982.917080092,19084.4406217125,19180.5431691371,19271.8203333011,19358.777007286,19441.8445711543,19521.3942539976,19597.7476297072,19671.1849472304,19741.9518053906,19810.2645484313,19876.3146630382,19940.2723887323,20002.2897032111,20062.5028070322,20121.0342042732
"85",0.0452139198997038,0.836539457513055,141.125172495354,9032.37620006929,12642.2156343842,14290.4014982461,15277.5294394764,15955.8874765225,16462.08349528,16861.0222019493,17187.8518810806,17463.4345641875,17701.0238502539,17909.4933191631,18095.037287204,18262.1293597642,18414.0929705079,18553.4566216542,18682.1836053478,18801.8254291674,18913.6271792102,19018.6016551898,19117.5826590819,19211.264031418,19300.2287345348,19384.9708519413,19465.9124589527,19543.416722237,19617.798187254,19689.3309415883,19758.2551548426,19824.7823642274,19889.0997813,19951.3738277039,20011.7530583732,20070.3705941818,20127.3461587756
"86",0.0406929154481889,0.753017513560374,130.281593562505,9208.39157246524,12798.1588814619,14423.6082376377,15393.8930438785,16059.4284479169,16555.4405972574,16946.0015086025,17265.7456975234,17535.2034484471,17767.4046457874,17971.0662149977,18152.2692007978,18315.4030385124,18463.7271368563,18599.720304053,18725.3065785083,18842.0059802162,18951.0379919816,19053.3943421135,19149.8913027975,19241.207989001,19327.9148842696,19410.4954128532,19489.3624787901,19564.8713052206,19637.3295154267,19707.0051308891,19774.1329776575,19838.9198631839,19901.5487938043,19962.1824367033,20020.9659817398,20078.0295227134,20133.4900509355
"87",0.0366239379695741,0.677822733393474,120.067711511343,9384.57244130741,12952.2656926899,14554.6744450397,15508.1266409323,16160.9280294273,16646.8644304991,17029.1574455176,17341.9220686144,17605.3551309958,17832.262567662,18031.2049521476,18208.1505350158,18367.4050890768,18512.1644791736,18644.8582545493,18767.3715848906,18881.1933401106,18987.5176945106,19087.315562392,19181.3859112386,19270.3933277926,19354.8959903598,19435.3668170831,19512.2096763548,19585.7719683269,19656.3545016082,19724.2193277814,19789.5960157231,19852.6867209312,19913.670314814,19972.7057737915,20029.9349805218,20085.485054458,20139.470302737
"88",0.0329617987090213,0.610127143480997,110.474385031172,9560.78616210343,13104.4899203648,14683.593209928,15620.2407829002,16260.4054503116,16736.3787812698,17110.5161888519,17416.4083220371,17673.9173390183,17895.6252646222,18089.9367865484,18262.7079407936,18418.1614114284,18559.4300447491,18688.8945963442,18808.4017734046,18919.4096483578,19023.087392688,19120.3853720491,19212.0854801865,19298.8379773224,19381.1889133348,19459.6008558574,19534.4687750995,19606.1323701376,19674.8857434334,19740.9850736326,19804.6547593669,19866.0923823742,19925.4727496956,19982.9512108513,20038.6663992705,20092.7425128265,20145.2912226365
"89",0.0296658251401817,0.549184669961325,101.488863018813,9736.90259395752,13254.7895213589,14810.3602864596,15730.2477125719,16357.8810082902,16824.0080911503,17190.1042845161,17489.2319516185,17740.917817383,17957.5202932452,18147.2888000542,18315.9678338526,18467.6976250191,18605.548567345,18731.8531158272,18848.4199406668,18956.6766830364,19057.7678270635,19152.6234621981,19242.0086445881,19326.5595134464,19406.8101698449,19483.212988578,19556.1541806628,19625.96586713,19692.9355536298,19757.3136434053,19819.3194521678,19879.1460663482,19936.9642993356,19992.9259376896,20047.1664235955,20099.8070860798,20150.9570083257
"90",0.0266994098449759,0.494323118306197,93.0951749242466,9912.79442681831,13403.1264483898,14934.973961239,15838.1612522668,16453.3759809238,16909.7773867988,17267.9485924798,17560.4205731432,17806.3842936477,18017.9750903647,18203.2878789048,18367.9563781308,18516.0390563132,18650.5444581321,18773.7572563412,18887.4485271212,18993.0158588738,19091.5793725416,19184.0491600672,19271.1736806611,19353.5751613179,19431.7759363065,19506.2183469769,19577.2799853849,19645.2855184241,19710.5159648775,19773.2160505263,19833.600095739,19891.8567702299,19948.1529645012,20002.6369660764,20055.4410838169,20106.6838305341,20156.4717494351
"91",0.0240296044099512,0.444936923038499,85.2745558969049,10088.3374796727,13549.4665347753,15057.4349228196,15943.9966963655,16546.9125406903,16993.7122131382,17344.0762341188,17630.0018828216,17870.34444536,18077.0169474689,18257.9606938854,18418.6994706595,18563.2107275494,18694.4417976652,18814.630112825,18925.5096138915,19028.448225929,19124.5420385726,19214.6814304236,19299.5985083156,19379.9017986003,19456.1020527279,19528.631739398,19597.8599729058,19664.1040905733,19727.6387346823,19788.7030517429,19847.5064544778,19904.2332744997,19959.046550143,20012.0911337201,20063.496258552,20113.3776737033,20161.8394301802
"92",0.0216267538556813,0.400480596507455,78.0058917817839,10263.4109694212,13693.779373744,15177.7461333077,16047.7707074514,16638.5136737308,17075.8385698912,17418.5145425084,17698.0036183128,17932.8258695577,18134.6729869833,18311.3336820967,18468.2227278099,18609.2373466645,18737.2643288404,18854.4944272764,18962.6249203188,19062.9944688398,19156.6754698037,19244.5388773675,19327.3006938658,19405.5559589022,19479.8040266986,19550.4676551903,19617.9076228327,19682.4340623883,19744.3153502535,19803.7851519597,19861.0480602784,19916.2841472549,19969.6526696378,20021.2951081781,20071.3376782367,20119.8934173781,20167.0639319492
"93",0.0194641675605856,0.360462811700646,71.2661696354724,10437.897750466,13836.0381933055,15295.9127023902,16149.5012161209,16728.2031022175,17156.1828513772,17491.2910155652,17764.4535222023,17993.8560543723,18190.9701403506,18363.4330302546,18516.5514728392,18654.1432983152,18779.0354507754,18893.37258499,18998.8158021395,19096.674906597,19187.9989471569,19273.6397464656,19354.2974530067,19430.5538354129,19502.8970375234,19571.7402692006,19637.4361154659,19700.2876297876,19760.5570333786,19818.4726090521,19874.234217204,19928.0177486684,19979.978748971,20030.2553907034,20078.9709285817,20126.2357406422,20172.1490358357
"94",0.0175178230416211,0.324441059659406,65.030920720247,10611.6845253129,13976.2197276114,15411.9417640637,16249.2073244986,16816.0052102911,17234.771789485,17562.4332719395,17829.3793078386,18053.462352645,18245.9351278223,18414.2846594427,18563.7107246642,18697.9526359361,18819.7782135592,18931.2866115172,19034.1032502625,19129.5094928074,19218.5313893023,19302.0019271985,19380.6056540337,19454.9112847205,19525.395940486,19592.4634463507,19656.4583365726,19717.6767106636,19776.3747452912,19832.7754386511,19887.0740061153,19939.4422353944,19990.0320308572,20038.9783200251,20086.4014539632,20132.4092028276,20177.0984251143
"95",0.0157660993157962,0.292016827262908,59.2746447247582,10784.6620267254,14114.3040856725,15525.8423563028,16346.9092134727,16901.9449735026,17311.6323997265,17631.9690095568,17892.8086274289,18111.6719574628,18299.5944398779,18463.9142112413,18609.725187798,18740.6890747729,18859.5153138174,18968.2581703055,19068.507890104,19161.5178164133,19248.2913544964,19329.6429556961,19406.2418212833,19478.6438307929,19547.315271228,19612.6507462876,19674.9868821987,19734.6129497584,19791.7791915226,19846.7034188949,19899.5762892514,19950.5655649154,19999.8195787976,20047.4700760638,20093.6345607488,20138.4182464078,20181.9156876623
"96",0.0141895368922298,0.26283124596388,53.9712060705736,10956.7251721786,14250.2746182292,15637.6253038677,16442.6280536513,16986.0478916878,17386.7919302787,17699.9259667132,17954.7690423007,18168.5118795272,18351.9743201918,18512.3470351618,18654.6192433831,18782.3759858359,18898.2690910445,19004.3085609715,19102.0499814437,19192.7191028318,19277.2970427576,19356.5800177359,19431.2221387742,19501.7666691049,19568.669250227,19632.3154280952,19693.0340635093,19751.107723541,19806.7808267355,19860.2660951442,19911.7497147623,19961.3954998326,20009.3482810738,20055.7366835818,20100.6754205597,20144.2671998309,20186.604318327
"97",0.0127706217380277,0.236561166508063,49.0941954159279,11127.7731915439,14384.1177835035,15747.3031044153,16536.3859200207,17068.339925197,17460.2778139154,17766.3318856216,18015.2879952347,18224.0089262675,18403.10075007,18559.6081773157,18698.4169412597,18823.0363907174,18936.0615246537,19039.4587181663,19134.7494187639,19223.1322154865,19305.5662983515,19382.8299519825,19455.5624540294,19524.2946708967,19589.4717873626,19651.470455056,19710.6119116493,19767.1721450806,19821.3898595312,19873.4727846569,19923.602721188,19971.9396120952,20018.6248546782,20063.7840157676,20107.5290734681,20149.9602802934,20191.1677212402
"98",0.0114935908257148,0.212915618765898,44.6172517015654,11297.709729081,14515.8230124993,15854.8898180496,16628.2057102761,17148.847434395,17532.1176227321,17831.214478314,18074.3927847756,18278.1896826162,18452.9994342796,18605.7223702509,18741.1419930098,18862.6929572214,18972.9142316989,19073.7292109933,19166.6257320388,19252.7756576989,19333.116612561,19408.4092534463,19479.2782820614,19546.2423875462,19609.7364865565,19670.1284994545,19727.7321826164,19782.8170689075,19835.6162572283,19886.3325812184,19935.1435418849,19982.2052871697,20027.6558491788,20071.6177977544,20114.2004311315,20155.5015964535,20195.6092120799
"99",0.0103442571082214,0.191632619566732,40.5143421688183,11466.4429209434,14645.3825744535,15960.4009604132,16718.1110667812,17227.5971223444,17602.3390255634,17894.6013948011,18132.1105414323,18331.0804933638,18501.6957881997,18650.7140238914,18782.8177659196,18901.3679957553,19008.8484652262,19107.140242941,19197.6980879401,19281.6675749131,19359.9651267169,19433.3340771407,19502.3848095039,19567.6240550438,19629.4766504762,19688.3019474101,19744.4063621383,19798.0530958586,19849.4697506076,19898.8543597267,19946.3802093954,19992.1997281461,20036.4476505187,20079.243610074,20120.6942798638,20160.8951510881,20199.9320202814
"100",0.00930985198202784,0.172476294872559,36.7599996229899,11633.8854494974,14772.791442983,16063.8533994016,16806.1263021031,17304.6159805794,17670.9697479953,17956.5201933939,18188.4682056793,18382.7074470138,18549.2149262222,18694.6072175164,18823.4672778064,18939.083456436,19043.8851132119,19139.7116522936,19227.9852914285,19309.8257572263,19386.1286354664,19457.6202419189,19524.8968988726,19588.4535985533,19648.7052852899,19706.0029037338,19760.6456705483,19812.8905779004,19862.9598386189,19911.0467807264,19957.3205597593,20001.9299597821,20045.0064847518,20086.6668920456,20127.0152836444,20166.1448436909,20204.1392911974
"101",0.00837888349237707,0.155234285779982,33.3295177579227,11799.9545758297,14898.0471634122,16165.2652555521,16892.2763280591,17379.9312378761,17738.0375348718,18016.9983130946,18243.4925076724,18433.0963610617,18595.5816513343,18737.4256927213,18863.1131926564,18975.860926865,19078.0446980482,19171.4629129865,19257.5057877012,19337.2676422,19411.623590258,19481.2832344726,19546.829092941,19608.7446370495,19667.4351054641,19723.2431967982,19776.4610676522,19827.3396229251,19876.0957930476,19922.9182948922,19967.9722367673,20011.4028324828,20053.3384217109,20093.892945099,20133.1679870652,20171.254473014,20208.2340882083
